Q1_Zodiac,Q2_MBTI,Q3_Energy,Q4_Project_Instinct,Q5_Assembly_Style,Q6_Trip_Role,Q7_Puzzle_Feeling,Q8_Cleaning_Style,Q9_Games_Activities,Q10_Learning_Style,Q11_Frustration,Q12_Proud_Compliment,Role_Software_Development,Role_UI_UX_Design,Role_Data_Science_Analytics,Role_Cyber_Security_Networking,Role_Project_Management_Business,Role_AI_ML_Intelligent_Systems,Role_Cloud_Engineering_DevOps,Role_Game_Development,Role_IoT_Hardware_Embedded
Scorpio,ESTP,Introvert,D,I,I,I,I,G,I,I,G,0.004275,0.003743,0.002717,0.003969,0.004543,0.00353,0.010839,0.001634,0.96475
Aquarius,INTJ,Extrovert,A,C,D,C,C,C,C,F,C,0.002106,0.001859,0.978072,0.004914,0.00175,0.005711,0.003303,0.001218,0.001067
Scorpio,INTJ,Extrovert,H,I,D,I,I,I,I,I,C,0.004335,0.003176,0.002368,0.004077,0.001114,0.004005,0.003405,0.002665,0.974855
Capricorn,Unknown,Introvert,A,A,A,G,A,A,A,A,G,0.982639,0.002822,0.002063,0.002094,0.001441,0.002664,0.003412,0.000788,0.002077
Gemini,INFJ,Introvert,A,A,A,A,A,C,A,A,A,0.987555,0.002226,0.001022,0.000771,0.003427,0.000714,0.001489,0.001674,0.001122
Sagittarius,ESTJ,Introvert,E,E,E,E,D,E,G,I,E,0.001584,0.003915,0.0044,0.004152,0.972052,0.004404,0.003047,0.002578,0.003868
Cancer,INTJ,Ambivert,A,A,A,G,A,A,A,A,A,0.977525,0.002396,0.001708,0.003438,0.002203,0.003178,0.003613,0.002277,0.003662
Cancer,ISFP,Extrovert,H,B,H,H,H,D,H,E,A,0.008207,0.008827,0.004906,0.008542,0.009063,0.005614,0.004925,0.947269,0.002647
Scorpio,ENFP,Introvert,F,I,I,F,F,F,F,C,A,0.008746,0.005343,0.009938,0.00236,0.003449,0.941206,0.002546,0.004841,0.021571
Scorpio,ISTP,Ambivert,A,C,C,D,A,C,C,A,C,0.080959,0.005971,0.882743,0.005616,0.004196,0.005867,0.005248,0.005904,0.003496
Capricorn,ENTJ,Introvert,I,F,F,F,G,F,C,F,A,0.008767,0.005569,0.007164,0.00357,0.005899,0.947819,0.008219,0.004427,0.008566
Aries,ENTP,Extrovert,G,E,E,E,E,E,E,I,E,0.003972,0.001016,0.000823,0.001551,0.984442,0.002231,0.002885,0.001739,0.001341
Cancer,INTP,Introvert,I,F,G,I,I,A,D,I,A,0.090126,0.010293,0.008729,0.030464,0.011142,0.022977,0.027719,0.011764,0.786786
Scorpio,INFJ,Ambivert,B,A,B,B,B,B,B,G,A,0.009599,0.971048,0.003718,0.00199,0.003638,0.002958,0.002597,0.002318,0.002134
Aries,INTJ,Introvert,A,D,G,G,G,G,G,G,D,0.002877,0.004113,0.004088,0.008997,0.003167,0.001971,0.969421,0.003242,0.002124
Leo,ESFJ,Introvert,C,F,C,C,C,C,C,C,C,0.00358,0.001887,0.980058,0.001048,0.003826,0.001248,0.00122,0.003475,0.003658
Scorpio,INTP,Introvert,F,F,F,F,F,F,F,C,F,0.003573,0.001886,0.001736,0.00263,0.002539,0.979139,0.00261,0.003737,0.00215
Aries,ENFJ,Extrovert,D,G,G,H,E,B,G,G,E,0.009371,0.01898,0.007698,0.021788,0.079885,0.010102,0.813377,0.028548,0.010251
Gemini,ESFP,Introvert,D,D,B,F,D,D,C,D,C,0.005705,0.006243,0.021687,0.942998,0.003092,0.009661,0.002826,0.003603,0.004185
Gemini,ENFJ,Ambivert,F,F,F,F,F,G,F,F,F,0.001115,0.002448,0.001256,0.001409,0.000641,0.985014,0.003819,0.001654,0.002644
Gemini,INFJ,Introvert,A,I,E,C,A,A,G,A,A,0.955553,0.005418,0.008795,0.002207,0.007642,0.00285,0.006361,0.004173,0.007001
Taurus,ENFP,Ambivert,D,D,D,G,D,D,D,E,A,0.004043,0.00356,0.002809,0.972491,0.004217,0.003425,0.004294,0.002589,0.002572
Pisces,INTP,Introvert,I,I,A,I,G,I,I,H,I,0.006336,0.003314,0.002097,0.003438,0.00236,0.004604,0.004582,0.005647,0.967622
Libra,ISTP,Extrovert,G,F,A,A,A,A,A,A,G,0.970157,0.001977,0.001902,0.002996,0.002391,0.002992,0.011964,0.003938,0.001683
Leo,INTJ,Introvert,G,D,G,D,G,I,F,E,G,0.00927,0.008851,0.007927,0.071562,0.02118,0.022725,0.828183,0.008327,0.021975
Aries,ENFP,Introvert,H,B,B,B,B,B,B,B,E,0.000955,0.987434,0.002486,0.000888,0.001107,0.000624,0.002132,0.003629,0.000745
Pisces,ESTJ,Ambivert,D,G,G,G,G,B,G,G,E,0.001374,0.003108,0.001678,0.005958,0.0033,0.00448,0.974097,0.003323,0.002682
Pisces,ESTP,Ambivert,G,H,I,I,I,I,I,I,I,0.001996,0.001601,0.002467,0.001753,0.002612,0.003,0.001322,0.000976,0.984273
Leo,ESTP,Extrovert,G,D,D,G,A,D,D,D,D,0.003201,0.0023,0.001981,0.973649,0.001814,0.004127,0.010075,0.001413,0.00144
Aries,ESTJ,Introvert,E,E,E,I,B,E,E,G,E,0.001731,0.00255,0.003992,0.003042,0.973739,0.002449,0.003615,0.003195,0.005687
Taurus,ESTP,Extrovert,E,E,E,E,E,E,E,E,B,0.00259,0.002981,0.000719,0.003791,0.982452,0.003711,0.002526,0.000554,0.000676
Pisces,ENFP,Introvert,E,A,A,A,C,A,F,A,A,0.971379,0.004014,0.003488,0.001357,0.005157,0.004206,0.002941,0.00437,0.003088
Sagittarius,ENFJ,Extrovert,C,E,E,E,E,F,B,E,E,0.001783,0.003254,0.003853,0.001503,0.975217,0.004336,0.004056,0.004549,0.001449
Libra,ISFP,Ambivert,H,A,H,I,H,A,H,H,H,0.00865,0.002652,0.001288,0.004434,0.002331,0.001764,0.002054,0.97411,0.002717
Scorpio,ESTP,Ambivert,H,D,G,D,D,D,D,F,H,0.004254,0.005544,0.00445,0.938766,0.002888,0.007769,0.011657,0.020456,0.004216
Scorpio,ESFP,Introvert,D,C,F,I,I,I,I,F,I,0.005617,0.004121,0.008612,0.009206,0.004508,0.033048,0.004045,0.00333,0.927513
Pisces,INFJ,Ambivert,B,B,B,B,B,I,B,B,B,0.000753,0.980449,0.002775,0.003219,0.002011,0.002749,0.003488,0.002703,0.001853
Virgo,ESTJ,Ambivert,E,E,E,E,E,E,E,C,E,0.00234,0.003553,0.003211,0.002954,0.981523,0.001751,0.002165,0.001038,0.001465
Scorpio,INTP,Introvert,A,A,A,C,C,E,A,E,A,0.939945,0.003086,0.019271,0.002897,0.016284,0.005158,0.004197,0.004205,0.004957
Scorpio,ISFJ,Ambivert,H,H,B,A,H,H,H,H,H,0.002346,0.002175,0.002738,0.003901,0.001838,0.002568,0.001713,0.981375,0.001346
Pisces,INTJ,Ambivert,I,I,F,F,I,G,I,E,I,0.005009,0.003657,0.005227,0.003089,0.007179,0.027817,0.00904,0.002497,0.936485
Aquarius,ISTP,Introvert,G,G,D,E,G,G,G,G,G,0.001345,0.001295,0.002248,0.00205,0.003916,0.003764,0.982172,0.00159,0.00162
Libra,INTP,Introvert,F,F,F,F,A,F,F,F,F,0.001061,0.003197,0.003728,0.003021,0.002033,0.978239,0.002326,0.003067,0.003328
Taurus,ENFJ,Introvert,D,D,D,D,D,G,D,D,D,0.002168,0.003922,0.000871,0.978742,0.003549,0.00152,0.003472,0.001856,0.0039
Sagittarius,ISTP,Introvert,A,A,A,D,A,A,A,A,A,0.982264,0.003581,0.001279,0.002489,0.003211,0.001388,0.00133,0.000632,0.003826
Virgo,ISTP,Ambivert,I,I,I,G,I,I,I,I,F,0.004043,0.000915,0.001112,0.003487,0.002659,0.003623,0.003342,0.003675,0.977144
Sagittarius,ENFP,Ambivert,H,H,D,H,F,C,F,H,H,0.004614,0.003449,0.008684,0.009815,0.004548,0.030016,0.002919,0.931186,0.004769
Libra,INTJ,Extrovert,D,G,I,I,G,I,I,I,I,0.002825,0.004279,0.002737,0.003603,0.004339,0.002565,0.009117,0.001831,0.968704
Sagittarius,INTJ,Extrovert,G,A,G,E,G,E,G,G,G,0.00299,0.001815,0.001851,0.002978,0.009528,0.004341,0.969467,0.003137,0.003893
Leo,INTP,Extrovert,C,C,I,I,F,C,C,C,C,0.00398,0.00255,0.970989,0.003619,0.003042,0.002146,0.002097,0.001619,0.009958
Pisces,ENTP,Introvert,I,A,I,D,I,I,I,C,I,0.004704,0.004373,0.004187,0.003805,0.002723,0.00234,0.001936,0.00124,0.974692
Virgo,INTJ,Extrovert,I,I,I,I,D,I,I,G,C,0.004188,0.00428,0.002563,0.004868,0.004342,0.004123,0.006032,0.002961,0.966643
Sagittarius,ESFJ,Extrovert,C,C,C,C,B,C,D,C,C,0.001406,0.004009,0.977683,0.004122,0.001518,0.002788,0.003842,0.001552,0.00308
Scorpio,INTP,Introvert,D,B,D,D,D,D,D,D,D,0.000712,0.001624,0.001024,0.987502,0.001973,0.002343,0.001507,0.000652,0.002663
Pisces,ENFJ,Ambivert,A,F,I,I,I,H,I,I,A,0.023795,0.004968,0.004436,0.005453,0.005738,0.007374,0.003856,0.009541,0.934839
Capricorn,Unknown,Introvert,F,F,F,I,F,C,A,H,F,0.009173,0.003506,0.011257,0.004038,0.004374,0.949331,0.003227,0.008624,0.00647
Leo,ENTJ,Introvert,C,C,C,C,C,C,C,C,D,0.003292,0.003735,0.977909,0.003043,0.002974,0.003922,0.001706,0.001111,0.002308
Capricorn,INTP,Extrovert,G,A,A,A,A,A,A,A,A,0.978361,0.002253,0.002347,0.001606,0.003176,0.003145,0.0035,0.00359,0.002022
Libra,ISTP,Ambivert,G,B,I,D,B,D,A,D,D,0.025429,0.060272,0.00687,0.838783,0.007733,0.007489,0.024032,0.007541,0.021851
Leo,INTP,Introvert,C,D,C,H,C,H,D,C,C,0.004234,0.004852,0.935296,0.020184,0.002869,0.005002,0.002481,0.020035,0.005047
Libra,ENTJ,Introvert,D,D,D,C,I,D,F,D,G,0.00605,0.004484,0.008447,0.950019,0.002672,0.00903,0.007737,0.004793,0.006768
Capricorn,ISFP,Ambivert,B,B,B,B,A,B,B,B,B,0.002428,0.981775,0.003252,0.000735,0.002003,0.002926,0.003914,0.002108,0.000859
Pisces,ISTJ,Introvert,E,E,E,E,E,E,E,E,B,0.000852,0.00369,0.003165,0.001217,0.980037,0.003862,0.002957,0.002634,0.001586
Scorpio,INTP,Ambivert,A,D,H,E,B,B,B,B,B,0.006784,0.960724,0.003909,0.007499,0.005479,0.002327,0.003453,0.00666,0.003165
Cancer,Unknown,Introvert,F,F,F,F,F,C,F,F,F,0.003508,0.003406,0.000899,0.000612,0.000729,0.985092,0.001335,0.00242,0.001999
Cancer,INFJ,Extrovert,C,C,B,C,D,C,C,C,C,0.002769,0.001442,0.984383,0.004026,0.001483,0.001157,0.000668,0.000812,0.00326
Capricorn,Unknown,Introvert,C,C,C,C,A,C,I,C,C,0.002123,0.001777,0.980955,0.002981,0.00397,0.002063,0.002472,0.0023,0.001359
Leo,ENFP,Introvert,E,E,E,C,E,E,C,E,E,0.002159,0.003255,0.006213,0.001209,0.97886,0.002529,0.002311,0.002621,0.000843
Gemini,ENFP,Extrovert,I,I,I,I,I,I,I,D,H,0.002649,0.001781,0.002151,0.003846,0.003137,0.002403,0.001883,0.001186,0.980964
Leo,ENFJ,Ambivert,G,D,I,I,I,I,I,D,I,0.002669,0.001098,0.003376,0.009397,0.003805,0.001953,0.002099,0.004236,0.971367
Gemini,INFJ,Extrovert,C,C,C,C,E,C,C,C,C,0.002689,0.002659,0.979718,0.002891,0.000676,0.003807,0.002534,0.003206,0.00182
Cancer,INFJ,Extrovert,C,C,C,C,H,C,C,C,C,0.002696,0.00288,0.982958,0.002325,0.002638,0.001917,0.000696,0.001084,0.002806
Aries,Unknown,Introvert,F,F,F,F,F,F,C,G,A,0.004334,0.004153,0.004489,0.001372,0.001957,0.974797,0.002262,0.002425,0.004211
Libra,ENFJ,Ambivert,H,A,C,H,F,H,H,H,H,0.005082,0.001813,0.005366,0.002959,0.002517,0.004617,0.002302,0.973513,0.001831
Pisces,INTJ,Extrovert,F,F,F,F,F,F,F,F,F,0.001943,0.003294,0.003057,0.002055,0.003683,0.98138,0.002442,0.000865,0.001281
Cancer,ENTJ,Introvert,C,D,F,A,C,C,C,C,C,0.002438,0.003028,0.973187,0.005186,0.001848,0.005202,0.001904,0.002783,0.004424
Aquarius,ENFJ,Ambivert,I,G,I,C,I,I,I,I,I,0.00153,0.001152,0.004236,0.00145,0.002452,0.004077,0.001195,0.002663,0.981245
Pisces,INFP,Extrovert,D,E,B,B,H,A,B,B,B,0.00867,0.951285,0.004888,0.007485,0.008657,0.00404,0.002309,0.007634,0.005032
Capricorn,ISFP,Introvert,H,H,H,H,H,H,H,C,H,0.000713,0.003148,0.00188,0.002775,0.002314,0.001434,0.001007,0.985835,0.000894
Taurus,ISTJ,Introvert,D,D,G,D,D,C,D,I,D,0.001522,0.001955,0.003662,0.976455,0.001745,0.00196,0.003315,0.004119,0.005267
Scorpio,INTP,Introvert,E,E,E,G,E,E,B,G,I,0.005165,0.01198,0.005048,0.003746,0.919128,0.003674,0.035282,0.004589,0.011388
Capricorn,ENTP,Extrovert,A,H,H,H,H,H,G,H,H,0.002428,0.002601,0.003876,0.000793,0.002794,0.002244,0.001074,0.983104,0.001086
Gemini,ENTJ,Extrovert,E,A,D,B,E,E,E,E,B,0.009175,0.015641,0.004009,0.006678,0.947498,0.005526,0.002385,0.005916,0.003172
Sagittarius,ESFP,Introvert,F,F,F,F,F,F,F,F,F,0.002517,0.001753,0.002894,0.002538,0.001214,0.980657,0.003522,0.002786,0.002119
Scorpio,INFJ,Introvert,A,I,F,I,F,G,I,G,I,0.02185,0.006488,0.009014,0.008784,0.009076,0.059917,0.06218,0.00652,0.816171
Leo,INTP,Extrovert,C,C,C,G,C,E,C,C,C,0.001185,0.002727,0.979811,0.003501,0.002198,0.002563,0.002857,0.002277,0.002881
Cancer,INTP,Ambivert,F,F,E,F,A,F,F,B,A,0.02245,0.006991,0.00355,0.004811,0.009686,0.942915,0.003473,0.003009,0.003115
Aquarius,ESTJ,Introvert,B,D,D,I,D,D,A,D,D,0.002611,0.004363,0.003705,0.976814,0.002708,0.003127,0.001526,0.001957,0.003189
Aquarius,ESTJ,Extrovert,G,B,B,B,B,C,B,A,H,0.006188,0.957078,0.006962,0.00447,0.002945,0.002565,0.007658,0.006961,0.005173
Leo,ISFP,Ambivert,C,B,C,C,C,C,G,C,G,0.003448,0.004441,0.972659,0.003157,0.001559,0.003385,0.007878,0.001932,0.001541
Aquarius,INFJ,Introvert,E,E,G,D,G,G,G,G,C,0.005696,0.00285,0.00978,0.011761,0.025453,0.004722,0.934343,0.002985,0.00241
Taurus,INFP,Introvert,G,A,A,G,G,I,H,D,G,0.071889,0.007452,0.005965,0.017852,0.007839,0.005142,0.842226,0.018371,0.023264
Scorpio,INFP,Introvert,A,D,F,A,A,A,A,A,C,0.97836,0.004217,0.003914,0.002449,0.00124,0.002817,0.001334,0.00225,0.003419
Pisces,ISFJ,Introvert,B,A,B,B,B,C,B,B,B,0.001698,0.978325,0.004422,0.001644,0.001886,0.001772,0.003835,0.002598,0.00382
Capricorn,INFP,Introvert,B,D,F,B,H,B,B,B,A,0.008494,0.941987,0.00341,0.011743,0.006272,0.007433,0.006052,0.009647,0.004962
Sagittarius,ISTP,Ambivert,D,D,C,D,A,D,C,D,D,0.005385,0.003588,0.006991,0.970208,0.001072,0.004174,0.002132,0.002007,0.004443
Sagittarius,ISFP,Introvert,A,B,B,H,H,B,B,B,A,0.01912,0.940937,0.004938,0.003824,0.00285,0.005381,0.003048,0.017046,0.002856
Virgo,INFP,Extrovert,B,B,B,C,B,B,B,B,B,0.002468,0.981632,0.002974,0.002824,0.001628,0.001724,0.002551,0.002582,0.001617
Leo,ENFP,Ambivert,D,D,F,A,E,D,D,D,A,0.023003,0.005851,0.00379,0.936565,0.009614,0.008765,0.005505,0.00232,0.004587
Aquarius,INTJ,Introvert,D,B,D,D,G,F,D,D,D,0.003721,0.002088,0.003938,0.975255,0.002196,0.004542,0.003872,0.001552,0.002836
Pisces,INTJ,Ambivert,I,I,I,I,I,D,I,I,I,0.003123,0.001655,0.003347,0.002988,0.00245,0.000535,0.000652,0.003925,0.981325
Cancer,ISFP,Introvert,E,E,A,E,E,E,E,E,E,0.003776,0.002452,0.002036,0.002937,0.977516,0.002448,0.002915,0.003085,0.002835
Pisces,ESTJ,Introvert,A,A,F,A,A,E,B,C,A,0.943734,0.007049,0.010366,0.004471,0.009256,0.010246,0.00519,0.005461,0.004227
Aquarius,ISTJ,Ambivert,G,D,G,G,G,D,D,G,G,0.001952,0.003956,0.002776,0.023565,0.001828,0.002091,0.956932,0.002557,0.004343
Gemini,INTJ,Ambivert,A,A,A,A,C,A,F,A,A,0.98237,0.003243,0.001399,0.001697,0.002176,0.002157,0.001972,0.003466,0.00152
Sagittarius,INTJ,Ambivert,G,G,G,G,G,G,G,G,G,0.002233,0.001265,0.00373,0.00052,0.001002,0.001356,0.985842,0.001285,0.002767
Sagittarius,INFJ,Extrovert,I,I,I,G,I,I,I,I,I,0.002584,0.001956,0.002552,0.000741,0.003353,0.001272,0.003373,0.002373,0.981796
Sagittarius,ESTJ,Introvert,F,F,F,E,F,F,D,F,C,0.002119,0.002744,0.003857,0.003406,0.004081,0.975684,0.002485,0.003333,0.002291
Aries,ENTJ,Ambivert,C,C,C,B,C,C,C,C,C,0.003142,0.002224,0.983733,0.000723,0.000632,0.002033,0.003585,0.0014,0.002528
Pisces,ENTJ,Introvert,B,B,C,F,D,I,D,F,E,0.024004,0.26076,0.08027,0.211858,0.067842,0.228275,0.022493,0.021357,0.083141
Sagittarius,INFJ,Ambivert,C,E,B,B,B,F,B,B,C,0.003482,0.939309,0.024827,0.005491,0.00767,0.01004,0.003423,0.002605,0.003153
Capricorn,ISTP,Extrovert,D,D,G,H,D,D,D,D,D,0.004009,0.001122,0.001883,0.984249,0.001485,0.0018,0.001168,0.001666,0.002618
Aries,ESTJ,Ambivert,G,G,A,F,G,E,A,E,G,0.06592,0.007236,0.008838,0.009348,0.065692,0.025049,0.803183,0.006329,0.008405
Leo,INTP,Introvert,F,F,F,F,F,F,F,F,A,0.001611,0.001995,0.001498,0.001798,0.001882,0.984575,0.001293,0.003306,0.002042
Libra,ISTP,Introvert,A,H,H,H,H,H,F,H,H,0.002228,0.003054,0.003753,0.003075,0.002187,0.004205,0.00074,0.977255,0.003503
Capricorn,ENTJ,Introvert,I,I,I,I,I,I,F,G,F,0.002677,0.004018,0.002375,0.002513,0.002095,0.009024,0.004367,0.003462,0.969469
Pisces,ENTP,Ambivert,H,E,H,H,H,B,H,H,H,0.001267,0.001647,0.002766,0.001242,0.003863,0.00135,0.001011,0.985208,0.001646
Taurus,ESFP,Ambivert,B,C,I,G,C,C,C,C,C,0.00183,0.002665,0.979355,0.001379,0.001631,0.002887,0.004628,0.001481,0.004144
Virgo,ISFJ,Introvert,B,E,G,I,I,I,G,B,G,0.010417,0.109349,0.010221,0.015326,0.026003,0.010143,0.333361,0.010496,0.474684
Gemini,INTJ,Extrovert,F,F,B,F,F,E,F,F,F,0.001098,0.002408,0.001725,0.003582,0.002367,0.982276,0.002201,0.003234,0.001109
Pisces,ESTP,Extrovert,E,E,G,G,H,G,G,G,G,0.001663,0.003874,0.002081,0.003502,0.010372,0.001737,0.969512,0.004702,0.002557
Pisces,INTJ,Introvert,D,D,D,D,D,D,D,D,G,0.001646,0.002563,0.002673,0.980977,0.003647,0.001549,0.002901,0.002456,0.001588
Gemini,ISFP,Introvert,E,G,E,E,E,E,E,E,E,0.00106,0.002314,0.002178,0.003271,0.981044,0.003045,0.002801,0.002002,0.002285
Taurus,INTJ,Extrovert,I,I,I,I,B,I,I,I,B,0.002176,0.002963,0.002434,0.001607,0.003598,0.002,0.002822,0.001485,0.980915
Libra,ENTP,Extrovert,H,B,I,A,D,A,A,I,A,0.817876,0.025885,0.00659,0.02095,0.008212,0.009188,0.007972,0.030863,0.072464
Taurus,INTP,Introvert,I,D,I,I,I,F,C,I,F,0.004945,0.003213,0.009197,0.010105,0.003113,0.024099,0.005593,0.004908,0.934827
Aquarius,ISTJ,Extrovert,B,E,E,C,E,E,E,E,E,0.003363,0.002162,0.001313,0.001252,0.984589,0.003521,0.000851,0.000712,0.002237
Libra,ENTP,Ambivert,G,G,G,G,G,G,G,G,I,0.000577,0.001771,0.002665,0.000997,0.003633,0.001091,0.983813,0.001294,0.004159
Pisces,ISFJ,Introvert,A,H,H,H,H,H,H,H,H,0.002443,0.00328,0.001429,0.003336,0.000545,0.002659,0.003738,0.979115,0.003455
Capricorn,ISFP,Extrovert,C,G,I,C,I,I,I,D,I,0.002697,0.004633,0.027404,0.009791,0.005572,0.00495,0.009635,0.004226,0.931092
Leo,INTP,Introvert,A,F,F,H,F,F,F,F,F,0.002861,0.001258,0.002689,0.001265,0.003146,0.981362,0.00374,0.001194,0.002485
Capricorn,INTP,Introvert,F,F,E,F,F,F,F,F,F,0.001475,0.002146,0.002593,0.003695,0.001954,0.984495,0.001099,0.001826,0.000717
Cancer,ESTJ,Extrovert,E,E,A,A,E,E,D,E,E,0.008528,0.0031,0.003062,0.005537,0.971848,0.002129,0.002253,0.001295,0.002248
Taurus,ISFP,Introvert,F,F,F,A,F,I,F,F,F,0.001493,0.001149,0.001196,0.002889,0.004033,0.980564,0.003737,0.001584,0.003355
Aquarius,INTJ,Extrovert,G,G,G,H,G,G,G,G,G,0.001465,0.001761,0.002175,0.002231,0.00347,0.003176,0.980895,0.002163,0.002664
Capricorn,INTJ,Extrovert,D,G,G,G,G,G,D,D,G,0.00296,0.00347,0.003323,0.019976,0.002978,0.003653,0.957564,0.003343,0.002733
Virgo,ISTJ,Introvert,G,D,G,A,A,I,G,G,G,0.018976,0.00493,0.004774,0.00698,0.004704,0.005803,0.940587,0.003658,0.009588
Taurus,INFP,Ambivert,F,F,F,G,C,F,F,C,F,0.002978,0.004277,0.009052,0.004141,0.001897,0.968798,0.00525,0.001797,0.00181
Taurus,ESFP,Introvert,F,F,F,H,I,F,F,F,F,0.001137,0.002578,0.002203,0.002477,0.001431,0.981577,0.002862,0.004266,0.001469
Scorpio,ESTP,Extrovert,B,B,B,B,B,B,A,B,B,0.001353,0.982437,0.002117,0.003425,0.003283,0.000958,0.000954,0.001956,0.003517
Scorpio,ISTP,Introvert,D,E,G,E,B,E,E,E,E,0.004027,0.005273,0.00117,0.004766,0.973025,0.004404,0.002773,0.001976,0.002586
Virgo,ISTP,Extrovert,D,F,D,D,D,D,D,D,I,0.003756,0.002574,0.001293,0.98075,0.00269,0.002724,0.001137,0.002178,0.002898
Aquarius,ENTJ,Extrovert,G,I,F,I,I,G,I,G,F,0.005858,0.007337,0.005404,0.0064,0.006999,0.057387,0.212314,0.006942,0.691359
Aries,ISTJ,Ambivert,D,I,B,G,D,D,G,D,D,0.002125,0.006045,0.003544,0.94577,0.003115,0.004318,0.021127,0.005495,0.008461
Leo,ESTJ,Ambivert,I,I,F,I,I,A,I,I,I,0.003953,0.003157,0.002059,0.002743,0.002156,0.003016,0.002431,0.002991,0.977494
Leo,ENFP,Introvert,B,B,B,C,B,B,B,B,B,0.003382,0.98483,0.000682,0.000957,0.001078,0.003562,0.001998,0.001492,0.002019
Pisces,ENFJ,Extrovert,H,B,H,D,H,H,B,B,H,0.00277,0.071844,0.002976,0.007733,0.004343,0.003649,0.002999,0.899318,0.004368
Sagittarius,INFJ,Introvert,C,C,C,C,C,C,E,D,C,0.002513,0.003766,0.977497,0.002957,0.00236,0.001334,0.003749,0.003148,0.002676
Libra,ISTP,Introvert,F,D,G,G,G,G,G,G,G,0.003114,0.001639,0.003255,0.003278,0.003357,0.002021,0.980191,0.001183,0.001962
Aquarius,ESTJ,Extrovert,B,E,I,E,E,E,E,E,E,0.003136,0.001546,0.001218,0.002348,0.9855,0.001483,0.000701,0.001948,0.00212
Sagittarius,INTJ,Extrovert,B,C,F,C,C,C,C,D,F,0.002517,0.005105,0.949619,0.009358,0.003518,0.020402,0.002954,0.002742,0.003785
Pisces,ESTJ,Introvert,D,D,A,D,D,D,D,D,D,0.003818,0.003406,0.00354,0.977674,0.002706,0.002618,0.002028,0.001648,0.002562
Leo,INTJ,Introvert,A,G,G,G,G,F,G,G,G,0.001696,0.002086,0.002543,0.001034,0.003426,0.00197,0.982007,0.002515,0.002723
Libra,ENTJ,Introvert,D,G,G,G,G,F,G,G,G,0.002694,0.00213,0.000879,0.004566,0.002197,0.003927,0.977974,0.003935,0.001698
Aries,ENTP,Ambivert,A,I,A,B,A,F,F,A,A,0.936374,0.007793,0.006019,0.002639,0.005523,0.025156,0.004936,0.002423,0.009137
Sagittarius,INFJ,Extrovert,I,B,I,G,I,I,I,F,G,0.005686,0.010677,0.005472,0.005571,0.00416,0.010072,0.022002,0.005045,0.931315
Scorpio,INFJ,Introvert,A,C,C,C,C,I,G,C,C,0.003835,0.001403,0.975896,0.00142,0.003085,0.00306,0.005354,0.002687,0.00326
Gemini,INTP,Ambivert,E,G,E,E,E,B,E,G,I,0.002356,0.008222,0.005497,0.002654,0.941184,0.004084,0.021082,0.005599,0.009322
Sagittarius,ENTJ,Introvert,A,F,C,B,F,B,B,F,F,0.019744,0.214753,0.016293,0.007712,0.007437,0.714147,0.006979,0.006545,0.00639
Pisces,ESTJ,Extrovert,B,E,E,B,E,E,E,G,E,0.002184,0.010182,0.004228,0.002779,0.964903,0.004091,0.005268,0.003996,0.002369
Virgo,ESFJ,Extrovert,E,E,G,E,I,E,E,C,E,0.004363,0.001784,0.002611,0.001273,0.977775,0.003248,0.00479,0.002108,0.002048
Leo,Unknown,Introvert,B,B,B,B,B,B,B,A,H,0.004124,0.979592,0.001812,0.003241,0.00316,0.001461,0.001166,0.00217,0.003274
Scorpio,ISFP,Ambivert,B,B,B,E,B,B,B,B,B,0.001955,0.97913,0.003332,0.002733,0.000881,0.001016,0.003608,0.003559,0.003786
Gemini,ISTP,Ambivert,C,I,A,D,D,D,D,D,D,0.004223,0.004237,0.003856,0.972283,0.00434,0.002577,0.002492,0.002439,0.003553
Virgo,ENTJ,Ambivert,F,C,F,C,F,F,F,C,D,0.002723,0.003277,0.069644,0.006733,0.00469,0.897701,0.005652,0.004324,0.005256
Cancer,ESTP,Ambivert,G,G,G,G,B,G,E,G,D,0.002506,0.002499,0.003007,0.005124,0.002357,0.004193,0.975534,0.001588,0.003192
Capricorn,ENTJ,Introvert,D,D,G,B,G,G,D,G,D,0.006887,0.00996,0.003462,0.548458,0.00495,0.006492,0.408746,0.006616,0.004429
Scorpio,ESTJ,Extrovert,E,E,E,E,H,E,B,E,E,0.002267,0.002263,0.001033,0.004032,0.982728,0.001343,0.001187,0.002965,0.002182
Leo,ENTP,Extrovert,H,H,H,F,H,H,H,H,H,0.002597,0.002595,0.002427,0.001536,0.003878,0.002762,0.002839,0.979835,0.001531
Pisces,INFP,Introvert,F,B,B,B,B,H,B,B,B,0.003569,0.976107,0.001059,0.003977,0.002933,0.003852,0.003197,0.003371,0.001935
Aries,INFJ,Ambivert,G,G,G,G,G,G,G,G,A,0.003738,0.002412,0.002441,0.000733,0.002588,0.002014,0.982405,0.0007,0.002969
Capricorn,ISTJ,Extrovert,C,F,C,A,C,C,C,C,A,0.006591,0.003358,0.97123,0.003441,0.001211,0.004401,0.002343,0.003735,0.00369
Cancer,ENFJ,Ambivert,G,B,G,D,G,G,G,G,F,0.001778,0.004474,0.001957,0.005307,0.003255,0.005274,0.971732,0.003979,0.002244
Scorpio,ISTJ,Ambivert,I,I,I,I,I,E,I,I,A,0.001378,0.003705,0.003545,0.0008,0.00376,0.000955,0.00083,0.003217,0.98181
Libra,ENFJ,Ambivert,B,H,H,H,I,H,B,G,H,0.005329,0.023281,0.005678,0.003647,0.003518,0.005869,0.009897,0.934407,0.008374
Virgo,ESTJ,Ambivert,E,E,E,E,E,E,B,E,G,0.002379,0.00193,0.00083,0.000922,0.98205,0.003205,0.004279,0.002334,0.002071
Pisces,ENTJ,Extrovert,F,F,F,F,F,F,A,F,F,0.003423,0.003328,0.002146,0.003361,0.002908,0.978028,0.000935,0.003186,0.002685
Scorpio,ISFP,Ambivert,F,F,F,F,F,F,F,F,A,0.001841,0.001939,0.00292,0.003434,0.003006,0.981098,0.00179,0.001082,0.00289
Libra,INFJ,Extrovert,E,E,E,E,E,C,E,E,E,0.000875,0.003223,0.004018,0.003493,0.980447,0.001393,0.000678,0.003344,0.002529
Scorpio,ENFP,Introvert,A,H,H,H,H,H,H,C,F,0.00315,0.002046,0.002533,0.00371,0.004327,0.003474,0.001207,0.977947,0.001606
Libra,ISTP,Introvert,A,A,C,A,A,A,C,A,A,0.978995,0.003904,0.002292,0.002421,0.001574,0.001513,0.002649,0.003367,0.003285
Capricorn,INTP,Introvert,F,F,F,C,F,F,G,A,I,0.007723,0.002829,0.011765,0.002399,0.003125,0.950853,0.008398,0.003484,0.009424
Aquarius,INFP,Extrovert,A,G,G,G,B,G,G,A,D,0.020108,0.010313,0.006353,0.014628,0.003368,0.005201,0.931842,0.003227,0.00496
Aquarius,ENFP,Ambivert,H,H,A,H,H,H,B,H,H,0.001302,0.002904,0.002913,0.003626,0.003388,0.003639,0.003307,0.978203,0.000718
Libra,ESFJ,Introvert,E,I,I,I,I,I,D,I,I,0.003656,0.003751,0.001638,0.00176,0.002384,0.002189,0.000676,0.003333,0.980613
Capricorn,ENTJ,Introvert,F,F,F,F,F,D,A,A,C,0.027057,0.00325,0.008133,0.007687,0.005678,0.936088,0.002424,0.003561,0.006122
Libra,ISTJ,Ambivert,B,G,D,A,G,B,C,G,G,0.033663,0.071909,0.030559,0.025203,0.00991,0.015469,0.791766,0.010252,0.011269
Gemini,INFJ,Extrovert,B,B,B,H,B,B,B,B,E,0.001057,0.982062,0.002861,0.00315,0.001864,0.001788,0.001547,0.00434,0.001331
Pisces,INTP,Introvert,C,B,F,F,F,F,F,H,F,0.004412,0.004895,0.004334,0.002337,0.003164,0.969413,0.003476,0.005221,0.002748
Pisces,ISFP,Ambivert,B,B,B,I,B,B,B,B,A,0.003899,0.982389,0.001339,0.002327,0.000826,0.002146,0.003368,0.001166,0.00254
Leo,Unknown,Extrovert,H,E,C,H,H,H,A,H,A,0.030082,0.003687,0.009994,0.0032,0.010348,0.003668,0.004151,0.929152,0.005718
Pisces,ISTP,Introvert,A,A,A,F,A,A,A,A,E,0.979187,0.003787,0.003811,0.002866,0.001455,0.002644,0.001475,0.003668,0.001107
Virgo,INTJ,Ambivert,E,B,D,A,A,C,C,C,A,0.386221,0.028784,0.451611,0.0391,0.041414,0.012919,0.012337,0.013291,0.014323
Pisces,INTJ,Ambivert,D,D,H,D,D,D,D,D,C,0.002425,0.002573,0.003864,0.979639,0.002749,0.001481,0.00202,0.004183,0.001066
Pisces,ESTJ,Introvert,D,D,D,D,G,D,D,D,D,0.002704,0.003779,0.003003,0.975589,0.002873,0.003159,0.003754,0.003137,0.002002
Capricorn,ISTJ,Introvert,D,D,D,D,D,D,D,D,D,0.001499,0.002084,0.002916,0.981624,0.002756,0.003079,0.001094,0.003504,0.001444
Cancer,INTJ,Ambivert,A,A,A,A,A,D,E,A,A,0.981557,0.001399,0.000767,0.003725,0.002569,0.00396,0.002554,0.00125,0.002219
Cancer,ESFP,Ambivert,B,B,E,B,A,B,B,B,B,0.002952,0.977835,0.003753,0.003516,0.004083,0.001407,0.001159,0.003014,0.002281
Gemini,ISTP,Ambivert,F,H,F,H,H,H,H,H,H,0.002778,0.004152,0.002645,0.001087,0.000848,0.006055,0.002222,0.978325,0.001888
Sagittarius,ENFP,Ambivert,H,F,B,B,A,I,B,B,E,0.019918,0.891611,0.008077,0.00545,0.016595,0.013849,0.007326,0.020274,0.0169
Capricorn,INTP,Introvert,D,G,G,G,F,G,H,G,A,0.006588,0.004296,0.003621,0.007377,0.004445,0.008442,0.94972,0.012245,0.003266
Taurus,INFP,Introvert,A,A,A,A,E,A,D,A,A,0.976217,0.003004,0.00262,0.002747,0.003321,0.003714,0.003064,0.002464,0.002849
Pisces,ISFJ,Extrovert,G,G,H,H,G,G,G,E,G,0.004374,0.00213,0.001812,0.001848,0.00237,0.002285,0.976351,0.006968,0.001862
Leo,ISTP,Introvert,H,F,A,I,I,I,F,I,F,0.018941,0.008543,0.007788,0.006111,0.007588,0.213026,0.0054,0.018364,0.714239
Taurus,ISTP,Introvert,H,H,H,A,H,D,G,H,B,0.00814,0.009192,0.005746,0.009435,0.003918,0.004187,0.011135,0.942876,0.005371
Pisces,ISTP,Ambivert,E,H,H,H,H,H,H,C,H,0.003904,0.0037,0.002973,0.002309,0.002657,0.000873,0.003722,0.977631,0.002231
Cancer,INFP,Extrovert,E,E,E,E,I,C,E,E,C,0.003487,0.003833,0.008784,0.00254,0.971329,0.002249,0.002384,0.001392,0.004002
Aries,INTP,Extrovert,E,E,E,E,E,C,H,A,E,0.004106,0.00275,0.00538,0.001124,0.973772,0.003737,0.004245,0.00354,0.001346
Leo,ESFJ,Ambivert,E,B,E,G,E,E,E,E,E,0.002531,0.002174,0.003126,0.001942,0.981047,0.002748,0.001175,0.00288,0.002377
Taurus,ISTJ,Ambivert,C,C,C,C,C,C,C,C,C,0.001967,0.003219,0.984692,0.00149,0.00167,0.00087,0.002233,0.001168,0.002691
Virgo,INTP,Introvert,F,G,F,A,F,F,A,F,F,0.01291,0.004349,0.003442,0.004428,0.003513,0.963812,0.004359,0.001386,0.001801
Aries,INTP,Ambivert,C,C,C,C,C,C,C,C,C,0.002445,0.002851,0.985232,0.002015,0.001711,0.001286,0.002227,0.000596,0.001637
Virgo,ESTJ,Introvert,G,G,G,G,H,G,E,G,G,0.003889,0.001873,0.00242,0.002996,0.00206,0.002251,0.977613,0.003476,0.003422
Capricorn,ENTP,Ambivert,A,B,C,F,A,A,A,A,C,0.93295,0.010329,0.025116,0.004775,0.004773,0.00948,0.005634,0.004319,0.002624
Pisces,INTP,Ambivert,F,F,F,F,F,F,F,F,F,0.001737,0.001113,0.00249,0.001869,0.000839,0.985932,0.002357,0.001102,0.002561
Capricorn,ISTP,Introvert,H,D,A,E,D,D,D,H,H,0.017406,0.008717,0.00713,0.731765,0.017822,0.008052,0.006728,0.194488,0.007892
Libra,ISTJ,Ambivert,C,F,C,D,A,A,C,B,H,0.176628,0.067252,0.546166,0.057037,0.016684,0.05041,0.017188,0.050658,0.017977
Capricorn,INFJ,Introvert,C,D,B,D,G,G,D,D,B,0.007877,0.056384,0.023706,0.812047,0.01004,0.006521,0.068694,0.007437,0.007294
Aries,INTJ,Introvert,C,E,C,H,C,C,C,C,C,0.003399,0.001386,0.980811,0.003268,0.003588,0.001644,0.001293,0.002294,0.002317
Sagittarius,ESFJ,Ambivert,E,E,E,E,A,E,E,E,B,0.002775,0.003683,0.003705,0.00194,0.980933,0.001418,0.002867,0.002029,0.00065
Libra,ESFP,Ambivert,I,E,E,E,E,E,E,C,E,0.000944,0.003522,0.003369,0.001768,0.978642,0.003099,0.002671,0.002547,0.003438
Aries,ISTJ,Ambivert,E,G,A,A,A,A,A,C,G,0.932973,0.002496,0.007291,0.005922,0.010308,0.003604,0.028234,0.004326,0.004846
Pisces,INFP,Introvert,F,G,D,G,G,F,G,G,G,0.002403,0.002896,0.001171,0.003314,0.003162,0.009526,0.970911,0.003417,0.0032
Libra,ENTJ,Ambivert,B,B,B,B,B,B,B,B,A,0.001903,0.980036,0.002192,0.003431,0.002492,0.001528,0.002938,0.003357,0.002123
Capricorn,Unknown,Ambivert,H,H,H,H,H,H,H,A,H,0.001767,0.002703,0.003674,0.001764,0.003491,0.003691,0.000611,0.97933,0.002969
Gemini,ENFP,Ambivert,I,I,D,F,F,I,I,I,E,0.002662,0.005803,0.004956,0.008875,0.008051,0.026265,0.00408,0.004209,0.935099
Capricorn,INTP,Ambivert,H,H,F,H,H,F,C,H,H,0.002453,0.001998,0.003452,0.00178,0.00402,0.007347,0.003374,0.971422,0.004154
Gemini,ENFP,Introvert,H,H,H,B,H,H,H,H,H,0.001479,0.002876,0.002175,0.003185,0.003619,0.00336,0.001163,0.98103,0.001113
Scorpio,ISTP,Ambivert,G,G,G,G,G,E,D,G,G,0.000765,0.001413,0.001529,0.000988,0.001663,0.0032,0.984748,0.003721,0.001973
Scorpio,Unknown,Ambivert,G,G,G,G,A,H,G,G,E,0.002222,0.00135,0.001595,0.001887,0.003758,0.003574,0.978621,0.005391,0.001602
Cancer,ESTJ,Ambivert,D,D,D,A,D,C,D,D,G,0.003578,0.002603,0.004913,0.972284,0.002952,0.0036,0.005088,0.001503,0.003479
Libra,ISTJ,Introvert,H,A,H,F,H,H,F,H,H,0.004766,0.002031,0.003769,0.00193,0.001112,0.007314,0.001097,0.97352,0.004461
Virgo,ESFJ,Introvert,E,E,E,E,B,E,E,E,E,0.002927,0.003043,0.002289,0.003528,0.983348,0.001784,0.000606,0.000737,0.001738
Aries,ENTJ,Extrovert,E,E,E,C,B,B,E,B,E,0.004456,0.071996,0.006596,0.002378,0.899428,0.0022,0.005257,0.004487,0.003202
Virgo,INTP,Ambivert,F,F,F,F,F,F,D,F,F,0.000567,0.003914,0.003645,0.000738,0.000608,0.984553,0.001432,0.003453,0.00109
Aquarius,INFJ,Introvert,I,C,C,C,F,E,E,C,F,0.010486,0.009021,0.81275,0.008335,0.058568,0.061783,0.008896,0.008642,0.021519
Capricorn,ENFJ,Ambivert,E,E,E,E,E,B,C,E,B,0.001044,0.008422,0.005805,0.003,0.970474,0.001238,0.004193,0.00227,0.003554
Sagittarius,ENTJ,Introvert,G,G,G,E,G,A,E,G,G,0.005359,0.002404,0.003274,0.00286,0.012968,0.001766,0.966157,0.002501,0.002711
Sagittarius,ENFJ,Introvert,F,H,I,A,A,C,A,C,A,0.860605,0.005892,0.05874,0.006059,0.0075,0.018098,0.007714,0.017494,0.017898
Gemini,ENFP,Extrovert,H,H,H,G,H,A,H,H,H,0.003146,0.0012,0.002976,0.002195,0.00184,0.001618,0.004006,0.979806,0.003213
Gemini,ENTP,Introvert,A,A,E,G,D,A,A,A,A,0.974327,0.003023,0.002287,0.005638,0.003019,0.002046,0.004813,0.001217,0.00363
Taurus,ESFP,Ambivert,B,B,H,D,D,D,G,D,D,0.003527,0.027849,0.004385,0.929318,0.004083,0.004846,0.010177,0.010058,0.005757
Leo,ENFJ,Extrovert,E,E,E,E,E,E,E,G,B,0.002202,0.003258,0.002622,0.001728,0.979942,0.004029,0.001702,0.00335,0.001167
Leo,INFJ,Ambivert,B,B,B,B,B,B,B,B,E,0.002405,0.982138,0.002522,0.002187,0.001518,0.003245,0.001206,0.00136,0.003419
Capricorn,ESFJ,Ambivert,C,G,G,G,A,D,G,G,A,0.023748,0.002285,0.006091,0.008213,0.00239,0.003487,0.946161,0.003006,0.004619
Virgo,ENFP,Ambivert,B,B,B,B,B,H,B,B,B,0.001032,0.977844,0.003522,0.003615,0.003899,0.003571,0.000712,0.003805,0.002
Scorpio,ISTJ,Introvert,C,D,C,C,C,A,C,C,C,0.002307,0.003085,0.978147,0.003291,0.001603,0.00393,0.002131,0.001696,0.00381
Pisces,ENFJ,Ambivert,F,C,C,C,B,G,C,C,C,0.002738,0.002074,0.971539,0.004017,0.00381,0.0061,0.004929,0.002462,0.002331
Scorpio,ISFP,Ambivert,E,E,G,G,E,E,E,G,C,0.003474,0.002791,0.011356,0.004924,0.859856,0.005311,0.101806,0.004533,0.005949
Libra,ISTP,Introvert,D,D,D,D,D,D,D,H,D,0.001646,0.000552,0.003515,0.984622,0.002234,0.00082,0.003413,0.001251,0.001947
Sagittarius,ISTP,Extrovert,G,G,H,G,G,G,G,G,G,0.003129,0.003759,0.001073,0.000973,0.001953,0.000967,0.983686,0.002087,0.002373
Pisces,ISTJ,Ambivert,A,G,I,I,G,I,D,I,E,0.014504,0.00771,0.005024,0.021386,0.015382,0.007959,0.059752,0.005375,0.862908
Gemini,ISTJ,Ambivert,C,F,C,C,C,C,H,D,C,0.004524,0.002391,0.96743,0.005146,0.003253,0.004392,0.003393,0.005358,0.004113
Gemini,INFJ,Extrovert,B,E,E,E,E,E,E,E,E,0.003882,0.003651,0.001274,0.001365,0.982867,0.001884,0.002441,0.001335,0.001301
Capricorn,ENTP,Extrovert,H,A,A,H,A,A,A,A,F,0.968561,0.002299,0.002462,0.003165,0.00376,0.004613,0.003925,0.007023,0.004192
Aquarius,ENFP,Extrovert,E,E,A,I,E,E,E,E,E,0.003756,0.002586,0.002037,0.003397,0.977533,0.003312,0.001765,0.003804,0.00181
Aquarius,INFJ,Ambivert,H,B,B,B,H,B,H,B,H,0.002339,0.749259,0.003129,0.001962,0.003213,0.002258,0.004297,0.229183,0.00436
Capricorn,ISTP,Introvert,H,H,B,H,H,H,H,H,F,0.003218,0.004156,0.00172,0.002242,0.0027,0.002226,0.002347,0.980186,0.001205
Gemini,ENFJ,Ambivert,E,E,G,E,A,E,E,E,E,0.003428,0.002006,0.004045,0.003748,0.979802,0.000824,0.002193,0.001379,0.002575
Leo,ESTP,Introvert,A,D,A,G,F,D,D,D,D,0.025747,0.005177,0.003224,0.929665,0.004965,0.010063,0.011703,0.004413,0.005043
Pisces,INTP,Introvert,H,H,H,C,H,H,H,B,H,0.001783,0.001341,0.002364,0.002545,0.001331,0.002031,0.002859,0.982638,0.003108
Gemini,ENTP,Introvert,A,A,A,A,A,H,A,A,A,0.979357,0.002257,0.001123,0.002546,0.003383,0.003726,0.003352,0.001288,0.002968
Aquarius,ISTP,Ambivert,G,G,G,C,G,G,G,G,C,0.002697,0.000681,0.002404,0.003676,0.002915,0.003292,0.978836,0.002109,0.00339
Leo,INTP,Ambivert,H,I,I,A,I,I,D,I,I,0.005716,0.003233,0.003229,0.005044,0.003212,0.002807,0.002311,0.003963,0.970485
Pisces,ENFJ,Extrovert,I,B,I,H,I,I,I,I,B,0.001887,0.011702,0.002531,0.004146,0.00318,0.002911,0.001726,0.006072,0.965845
Leo,INTJ,Ambivert,A,C,A,A,A,H,F,A,A,0.970971,0.004335,0.003814,0.00157,0.003878,0.005004,0.00344,0.005059,0.001929
Aries,ESFJ,Introvert,H,D,B,B,H,B,B,B,A,0.006709,0.94255,0.004629,0.008221,0.002433,0.004251,0.004454,0.02183,0.004923
Aquarius,ENTP,Ambivert,E,E,G,E,E,E,E,G,E,0.002487,0.00065,0.00357,0.001887,0.979952,0.002183,0.00397,0.002856,0.002445
Cancer,INTP,Ambivert,B,H,H,H,H,H,H,A,H,0.001137,0.001428,0.002803,0.002614,0.002982,0.001253,0.003125,0.981965,0.002693
Taurus,ISTP,Introvert,D,G,D,G,D,D,A,D,B,0.009886,0.008799,0.004884,0.926751,0.00405,0.004777,0.029064,0.005959,0.00583
Gemini,INFJ,Extrovert,B,B,B,B,B,B,I,H,B,0.001102,0.9784,0.00332,0.002956,0.003312,0.003048,0.001137,0.003089,0.003636
Cancer,INFJ,Introvert,E,B,E,E,E,A,B,E,E,0.004012,0.010384,0.001236,0.001246,0.970335,0.003538,0.001605,0.003973,0.003671
Aquarius,INTJ,Introvert,A,G,A,G,G,G,G,G,G,0.003188,0.002493,0.001798,0.003343,0.002885,0.000676,0.98118,0.001302,0.003135
Aquarius,ENTJ,Ambivert,C,C,C,C,C,C,C,C,C,0.003227,0.003864,0.978776,0.000772,0.000851,0.003809,0.002822,0.003071,0.002808
Libra,ENTJ,Extrovert,G,G,G,E,G,G,G,G,G,0.002189,0.00261,0.001009,0.001951,0.001313,0.001512,0.984899,0.00128,0.003237
Gemini,INTJ,Ambivert,I,I,I,I,I,I,I,I,I,0.003792,0.001116,0.00377,0.000723,0.002413,0.000812,0.002455,0.001843,0.983076
Libra,ENFP,Ambivert,C,C,C,C,C,D,C,E,C,0.003923,0.001505,0.981163,0.001705,0.002315,0.003579,0.002683,0.000867,0.00226
Leo,ENFJ,Extrovert,B,F,A,B,A,B,F,B,B,0.015251,0.951145,0.004651,0.004539,0.002793,0.013441,0.002363,0.002773,0.003044
Taurus,ENFJ,Extrovert,G,E,E,H,E,E,E,E,E,0.003216,0.002062,0.003249,0.00068,0.978349,0.002164,0.002731,0.003595,0.003954
Capricorn,ENTJ,Extrovert,C,I,F,I,E,A,F,H,C,0.076815,0.021712,0.224439,0.022516,0.059407,0.258201,0.026179,0.062751,0.24798
Leo,ISFJ,Introvert,H,H,H,C,H,H,H,H,H,0.002359,0.002494,0.002825,0.003377,0.002581,0.003102,0.001499,0.981115,0.000648
Taurus,ISTP,Introvert,A,A,G,F,A,I,B,F,A,0.831789,0.021173,0.006427,0.009711,0.009121,0.07225,0.019759,0.00771,0.02206
Leo,ENTP,Ambivert,H,H,H,H,H,A,B,H,H,0.001441,0.00223,0.002739,0.001691,0.000862,0.001559,0.002039,0.985455,0.001984
Virgo,ESTJ,Ambivert,D,G,D,I,A,D,D,G,D,0.009655,0.005665,0.005168,0.931987,0.005757,0.004985,0.02238,0.004326,0.010077
Taurus,ENFJ,Introvert,A,D,G,I,I,I,I,I,D,0.007622,0.005258,0.004958,0.032196,0.00301,0.003856,0.011587,0.003625,0.927888
Aries,ISTJ,Extrovert,E,D,D,D,E,D,H,F,D,0.004303,0.002529,0.004541,0.940333,0.024593,0.007193,0.002654,0.008302,0.005552
Leo,ENTP,Ambivert,H,E,H,H,B,G,G,H,I,0.008435,0.016543,0.007957,0.007287,0.016406,0.00574,0.069428,0.8465,0.021704
Leo,INTP,Ambivert,I,I,I,C,I,F,I,I,I,0.002316,0.001145,0.00311,0.001487,0.001657,0.002597,0.001201,0.003962,0.982525
Aries,ENTJ,Introvert,C,C,C,C,F,C,C,C,A,0.000959,0.003437,0.980236,0.003251,0.003266,0.002069,0.000817,0.003331,0.002634
Capricorn,INTP,Introvert,I,I,I,G,I,B,G,I,I,0.001737,0.004077,0.00415,0.002276,0.002507,0.004305,0.005858,0.003389,0.971701
Aquarius,INTP,Ambivert,I,I,I,C,I,I,I,I,B,0.001112,0.004217,0.003341,0.002145,0.001054,0.002114,0.003697,0.003168,0.979152
Gemini,ENFJ,Introvert,B,B,B,B,B,B,A,B,D,0.004145,0.979534,0.003346,0.001598,0.003221,0.00165,0.001192,0.003021,0.002293
Taurus,ISTJ,Extrovert,B,I,I,B,H,I,I,I,I,0.002506,0.009646,0.003523,0.001171,0.003753,0.002886,0.002374,0.005115,0.969026
Gemini,Unknown,Extrovert,B,F,F,F,F,F,F,F,F,0.001131,0.001776,0.00112,0.002135,0.001967,0.983672,0.003717,0.002178,0.002304
Cancer,ESTP,Ambivert,A,D,F,D,D,D,D,D,G,0.002755,0.003484,0.003345,0.971728,0.0023,0.00368,0.005681,0.004027,0.003
Capricorn,ESTJ,Extrovert,B,B,E,E,E,E,E,E,E,0.002417,0.002356,0.002594,0.003868,0.980003,0.001644,0.003054,0.001586,0.002478
Leo,ENFP,Extrovert,G,E,E,E,E,C,E,D,E,0.003026,0.001821,0.004588,0.002684,0.974125,0.001445,0.004874,0.00451,0.002927
Aquarius,INFJ,Ambivert,G,I,G,G,G,G,G,G,G,0.001272,0.002925,0.002729,0.002711,0.001254,0.002533,0.982742,0.002502,0.001332
Capricorn,ESTJ,Introvert,G,G,G,E,G,G,G,G,D,0.001539,0.002495,0.002828,0.004303,0.00268,0.00378,0.97735,0.003575,0.00145
Gemini,INTP,Ambivert,H,H,H,H,H,H,H,F,H,0.002858,0.00102,0.000734,0.002687,0.002785,0.002541,0.001383,0.985193,0.000799
Sagittarius,INFJ,Introvert,F,F,A,F,D,F,C,B,F,0.007478,0.007241,0.010618,0.007845,0.004169,0.951911,0.002752,0.003317,0.004669
Libra,ENFP,Introvert,B,B,H,B,B,I,B,H,B,0.004098,0.969881,0.003528,0.003241,0.001618,0.002082,0.004141,0.006833,0.004578
Libra,ESFP,Introvert,G,A,G,G,G,G,G,D,G,0.001783,0.002987,0.003682,0.003886,0.002137,0.000843,0.980731,0.002035,0.001916
Leo,ENTJ,Ambivert,I,I,I,I,I,G,I,I,I,0.001527,0.001026,0.000554,0.00349,0.003507,0.000856,0.001151,0.002072,0.985817
Capricorn,ESTJ,Introvert,E,E,E,D,E,B,C,H,E,0.004927,0.006374,0.008198,0.006955,0.951411,0.005091,0.002213,0.009251,0.00558
Aries,ISTJ,Extrovert,D,D,D,G,D,D,I,D,C,0.004264,0.004003,0.005404,0.965169,0.004239,0.001767,0.00663,0.004341,0.004183
Virgo,INTJ,Extrovert,C,A,A,A,F,A,C,A,A,0.970688,0.001447,0.007409,0.003333,0.00355,0.005678,0.001699,0.002851,0.003345
Sagittarius,ENFP,Ambivert,H,E,H,E,B,A,A,D,H,0.133511,0.038838,0.013461,0.044743,0.151619,0.015507,0.01287,0.577701,0.01175
Gemini,ESFP,Extrovert,A,E,G,E,G,E,E,E,B,0.008156,0.008831,0.005564,0.004236,0.937402,0.002895,0.026261,0.002739,0.003916
Pisces,ENFJ,Extrovert,E,G,G,D,B,B,G,G,G,0.002738,0.025774,0.002318,0.008511,0.00816,0.003024,0.941067,0.003398,0.00501
Aquarius,ESFJ,Extrovert,E,C,E,E,E,F,E,E,B,0.00342,0.00599,0.003199,0.001751,0.972115,0.004008,0.003099,0.003496,0.002922
Pisces,ENTJ,Ambivert,C,F,C,C,C,C,C,C,F,0.0024,0.000895,0.98315,0.002355,0.001387,0.004993,0.001635,0.001603,0.001582
Capricorn,ISTP,Ambivert,D,D,D,D,A,D,D,D,D,0.001861,0.002149,0.002104,0.984229,0.003923,0.000606,0.000587,0.001839,0.002702
Capricorn,ISFJ,Ambivert,I,D,D,C,D,F,B,C,D,0.006556,0.023855,0.070429,0.827646,0.006778,0.024808,0.006617,0.007626,0.025685
Gemini,ENTP,Ambivert,F,A,F,E,F,I,F,F,F,0.002874,0.001994,0.002109,0.004439,0.00366,0.973479,0.004215,0.001588,0.005642
Gemini,ESTJ,Ambivert,C,I,G,F,D,D,D,A,D,0.016963,0.00877,0.020281,0.872958,0.007593,0.023659,0.022648,0.008921,0.018207
Scorpio,ESTJ,Introvert,F,C,H,C,C,C,F,C,D,0.005425,0.004394,0.937074,0.0081,0.005185,0.025719,0.003851,0.007747,0.002505
Gemini,ISTJ,Ambivert,A,H,A,A,H,C,G,C,A,0.802575,0.006876,0.071034,0.007243,0.006926,0.00645,0.015636,0.075812,0.007448
Taurus,INTJ,Introvert,A,H,C,C,F,C,C,F,C,0.011151,0.002449,0.933416,0.003752,0.004642,0.028908,0.005404,0.00679,0.003488
Virgo,ENTJ,Introvert,A,A,A,A,A,A,A,G,F,0.982381,0.003163,0.001564,0.002912,0.00366,0.003081,0.001631,0.000819,0.000789
Leo,INTP,Extrovert,F,E,H,B,G,H,A,H,B,0.051825,0.146535,0.013469,0.014801,0.041121,0.042022,0.049791,0.623294,0.017142
Cancer,ISTP,Introvert,D,E,D,D,D,D,D,D,A,0.002366,0.001723,0.000658,0.985047,0.002294,0.001729,0.003362,0.000832,0.001989
Libra,INTJ,Ambivert,I,G,G,G,G,G,G,G,G,0.001308,0.002924,0.003457,0.002606,0.001749,0.001181,0.981421,0.003092,0.002262
Virgo,Unknown,Ambivert,I,I,G,G,I,I,I,F,I,0.003095,0.002881,0.00398,0.003073,0.00277,0.002766,0.008354,0.001449,0.971632
Aries,ENFP,Ambivert,B,C,B,B,H,B,B,B,B,0.002518,0.977294,0.00157,0.003804,0.002684,0.003798,0.001677,0.003396,0.003259
Virgo,INTJ,Ambivert,F,A,A,A,F,A,A,A,C,0.973878,0.003694,0.004314,0.002712,0.004366,0.006783,0.001034,0.001411,0.001808
Pisces,ISTP,Ambivert,G,H,A,H,H,A,H,H,H,0.007647,0.001382,0.002339,0.004086,0.003726,0.004225,0.002881,0.970727,0.002987
Aries,INFJ,Ambivert,B,B,B,A,B,B,B,H,B,0.001283,0.984204,0.002117,0.002764,0.000665,0.002807,0.001625,0.00285,0.001685
Gemini,Unknown,Introvert,H,H,H,H,I,H,H,A,H,0.0032,0.001287,0.002048,0.002892,0.004029,0.00296,0.000744,0.980814,0.002026
Libra,INFP,Introvert,F,F,H,H,H,H,B,H,H,0.001269,0.005837,0.003315,0.001942,0.002634,0.009911,0.002531,0.96856,0.004001
Aquarius,ENTJ,Ambivert,C,A,A,A,A,C,C,A,A,0.950097,0.00311,0.028528,0.004131,0.003649,0.001099,0.002675,0.004095,0.002616
Sagittarius,ESFJ,Introvert,B,B,B,B,B,B,B,C,B,0.002444,0.979393,0.003791,0.001269,0.003711,0.000648,0.003177,0.003682,0.001885
Pisces,INTJ,Ambivert,A,A,C,A,A,A,A,C,A,0.97887,0.001014,0.005294,0.002101,0.002424,0.002312,0.002172,0.003024,0.002789
Taurus,INTJ,Extrovert,F,F,F,F,F,D,F,A,G,0.002657,0.004108,0.001681,0.005183,0.00239,0.97116,0.004667,0.004395,0.003759
Pisces,ENFP,Extrovert,B,B,B,B,B,E,B,B,B,0.003383,0.979931,0.003875,0.002716,0.001763,0.002236,0.003328,0.00144,0.001328
Libra,ENTP,Ambivert,F,F,F,F,F,F,C,F,I,0.001676,0.003266,0.004576,0.002657,0.002336,0.979568,0.001035,0.00214,0.002746
Sagittarius,ESFJ,Ambivert,E,E,E,E,E,I,E,E,B,0.001126,0.003234,0.001243,0.002559,0.979772,0.002506,0.002832,0.002947,0.003781
Aquarius,ISTJ,Introvert,G,G,G,A,G,E,G,A,E,0.022003,0.003702,0.003891,0.003825,0.024891,0.004858,0.926298,0.005525,0.005007
Virgo,INTJ,Ambivert,A,A,D,A,A,A,A,A,A,0.983427,0.002723,0.001552,0.001516,0.002008,0.003285,0.003269,0.000648,0.001572
Gemini,INFP,Introvert,F,C,C,C,C,C,C,C,I,0.001192,0.002572,0.980959,0.001703,0.003881,0.004051,0.001,0.001508,0.003134
Virgo,INTJ,Extrovert,C,C,C,F,C,C,C,C,C,0.001513,0.002767,0.983144,0.002346,0.002651,0.00212,0.003154,0.000692,0.001613
Gemini,ENTJ,Introvert,C,C,C,D,C,C,D,C,F,0.001939,0.003167,0.971992,0.008907,0.00273,0.00379,0.00371,0.002032,0.001733
Sagittarius,ENFP,Extrovert,B,E,I,E,C,E,E,I,E,0.005537,0.011303,0.009309,0.003623,0.926018,0.005971,0.004372,0.004967,0.0289
Leo,ISTJ,Introvert,C,C,C,C,C,A,C,A,E,0.009293,0.00093,0.973712,0.003167,0.004424,0.002175,0.001909,0.001581,0.002809
Cancer,ESFP,Ambivert,B,E,B,B,B,B,E,B,B,0.002252,0.973347,0.001982,0.003858,0.003627,0.003238,0.003805,0.004002,0.003889
Scorpio,ENTP,Ambivert,D,I,F,F,C,F,I,F,F,0.004354,0.00341,0.007901,0.00742,0.002686,0.941952,0.003185,0.002936,0.026156
Libra,INTP,Ambivert,F,F,E,F,F,F,F,F,F,0.003569,0.002476,0.003458,0.002833,0.001632,0.979303,0.0025,0.002309,0.00192
Gemini,ISTJ,Introvert,G,A,A,A,A,C,A,G,A,0.970389,0.002211,0.004706,0.001986,0.003139,0.003762,0.008822,0.002585,0.0024
Taurus,ENTP,Introvert,H,H,H,H,E,F,H,B,H,0.004383,0.00258,0.004067,0.002197,0.005594,0.00366,0.001381,0.974281,0.001857
Sagittarius,ESTJ,Ambivert,G,G,I,G,G,G,G,G,E,0.002937,0.00275,0.003644,0.001253,0.003735,0.002193,0.979253,0.00193,0.002305
Capricorn,ENFJ,Introvert,A,A,A,A,A,A,G,A,A,0.977196,0.003852,0.003194,0.003699,0.003469,0.003618,0.00223,0.001104,0.001638
Taurus,ISTP,Introvert,H,B,A,B,H,B,B,E,H,0.025297,0.716701,0.007758,0.005787,0.019849,0.008234,0.009189,0.199016,0.008169
Cancer,ISFP,Ambivert,D,D,D,G,D,D,A,D,E,0.004783,0.003161,0.001086,0.976697,0.002982,0.001399,0.005117,0.001443,0.003332
Aquarius,INFJ,Introvert,B,E,B,B,C,B,B,B,B,0.001496,0.979341,0.003495,0.002957,0.003414,0.000855,0.004052,0.000873,0.003517
Gemini,ISTP,Extrovert,H,H,B,H,B,H,H,H,H,0.000922,0.004427,0.001903,0.002373,0.001613,0.002635,0.003768,0.980671,0.001688
Sagittarius,INTP,Extrovert,C,G,I,I,I,G,D,I,F,0.008804,0.008679,0.022656,0.022073,0.009256,0.019244,0.054479,0.009051,0.845758
Aries,ISTP,Ambivert,A,A,A,I,G,D,B,A,A,0.949612,0.007143,0.005038,0.008002,0.003533,0.003476,0.008806,0.005619,0.008771
Gemini,ISTP,Introvert,G,D,G,D,D,C,A,D,D,0.006804,0.003755,0.010831,0.947155,0.003843,0.002336,0.018261,0.003867,0.003148
Leo,ENFP,Ambivert,B,H,H,H,G,H,H,C,H,0.002123,0.004888,0.003995,0.003404,0.00175,0.002667,0.004157,0.975037,0.001979
Cancer,ESTJ,Extrovert,E,E,E,E,F,E,E,E,C,0.002447,0.001288,0.001501,0.000894,0.980469,0.003047,0.003881,0.003204,0.003269
Taurus,ISTJ,Ambivert,G,D,G,D,D,G,G,E,C,0.007541,0.007732,0.01587,0.215936,0.015141,0.005163,0.720267,0.004862,0.007488
Aquarius,ISTP,Extrovert,I,I,D,I,B,H,D,I,A,0.019047,0.018515,0.006298,0.062933,0.006021,0.006463,0.00889,0.022418,0.849415
Cancer,ESTJ,Ambivert,G,E,G,H,G,E,G,B,A,0.02195,0.023862,0.008407,0.009342,0.073471,0.007974,0.824989,0.022652,0.007353
Capricorn,Unknown,Extrovert,A,A,I,A,A,A,A,A,F,0.981783,0.001016,0.001516,0.002366,0.001223,0.00379,0.003456,0.003545,0.001305
Cancer,ISTJ,Ambivert,G,G,G,F,G,D,G,G,C,0.001887,0.001711,0.004744,0.003806,0.003856,0.003773,0.971566,0.003984,0.004673
Sagittarius,ESTP,Ambivert,D,D,D,D,D,D,D,D,G,0.001984,0.001492,0.001885,0.984643,0.003007,0.000859,0.003679,0.000991,0.00146
Cancer,Unknown,Introvert,B,A,A,A,A,A,A,E,F,0.973263,0.003659,0.001772,0.004408,0.00421,0.004499,0.003477,0.002816,0.001896
Capricorn,ISTJ,Extrovert,D,G,H,D,C,D,D,D,D,0.003044,0.002262,0.004267,0.973488,0.004482,0.003671,0.003337,0.003035,0.002414
Taurus,ESTJ,Ambivert,G,G,G,G,G,G,G,A,F,0.00391,0.001382,0.001594,0.002716,0.002933,0.001756,0.982753,0.001355,0.001601
Gemini,ISFP,Ambivert,H,H,H,H,F,H,B,H,H,0.001707,0.003494,0.002619,0.004004,0.000952,0.002956,0.002662,0.980803,0.000803
Cancer,INTJ,Introvert,D,D,E,D,H,C,D,G,D,0.003575,0.003107,0.007748,0.947488,0.010256,0.003581,0.009642,0.00956,0.005043
Capricorn,ESFP,Introvert,A,A,A,A,A,G,A,A,C,0.980942,0.001933,0.004298,0.000804,0.002481,0.002633,0.00338,0.002852,0.000677
Sagittarius,ESFJ,Extrovert,B,B,B,B,B,B,B,B,B,0.00227,0.975739,0.003376,0.003791,0.002092,0.003688,0.003907,0.00216,0.002977
Cancer,ENTP,Introvert,H,H,H,H,H,G,H,D,F,0.003225,0.001109,0.004178,0.005808,0.003304,0.004218,0.003688,0.970735,0.003735
Scorpio,ENFP,Introvert,B,E,H,H,E,F,D,H,H,0.005462,0.023382,0.01188,0.020696,0.071081,0.020053,0.00806,0.833891,0.005495
Sagittarius,ISFJ,Ambivert,H,H,H,H,B,H,A,H,D,0.00348,0.005127,0.003227,0.00541,0.002494,0.00331,0.004269,0.968434,0.004249
Scorpio,INTP,Ambivert,F,F,I,F,F,F,F,F,F,0.003567,0.002734,0.003596,0.003953,0.001764,0.978434,0.002381,0.002093,0.001478
Leo,ENTJ,Ambivert,E,E,E,F,E,B,I,F,E,0.002446,0.008519,0.003122,0.00385,0.943742,0.023009,0.002848,0.005301,0.007163
Gemini,INTJ,Introvert,G,E,G,G,E,G,D,D,F,0.009655,0.0071,0.008284,0.088238,0.076467,0.02434,0.765725,0.009828,0.010363
Virgo,INFP,Introvert,B,B,H,B,E,B,B,B,I,0.004106,0.975477,0.002265,0.002721,0.003179,0.003153,0.003601,0.002699,0.002799
Gemini,ESTP,Extrovert,I,I,D,I,I,C,E,I,I,0.002326,0.004273,0.00371,0.004331,0.002945,0.00373,0.003498,0.00382,0.971367
Gemini,ENTJ,Ambivert,G,G,D,G,A,G,I,G,I,0.007604,0.002639,0.004633,0.00881,0.003207,0.003396,0.940594,0.004167,0.02495
Virgo,ENFJ,Introvert,I,F,I,I,I,I,I,I,E,0.003108,0.000899,0.00184,0.001997,0.003333,0.00178,0.003888,0.004061,0.979094
Pisces,ISTJ,Introvert,C,C,C,C,D,C,C,C,C,0.001209,0.002392,0.979754,0.003684,0.003347,0.002332,0.002959,0.000893,0.00343
Cancer,ISTP,Introvert,A,D,D,D,C,C,D,I,D,0.007432,0.003703,0.033041,0.929918,0.005569,0.004882,0.004879,0.003714,0.006862
Virgo,INTP,Introvert,D,C,G,G,D,D,G,G,G,0.004993,0.002455,0.009045,0.069316,0.00404,0.002574,0.89772,0.004215,0.005642
Gemini,ISTJ,Ambivert,C,C,B,C,A,C,F,C,C,0.004709,0.003557,0.969913,0.003957,0.004074,0.004461,0.002935,0.00348,0.002914
Scorpio,INTJ,Introvert,A,A,F,F,A,F,F,F,F,0.019397,0.00209,0.00167,0.003575,0.002588,0.961144,0.003331,0.002901,0.003304
Virgo,INTP,Ambivert,B,B,B,B,B,H,B,B,B,0.003545,0.97852,0.00282,0.00182,0.001626,0.003385,0.002774,0.001851,0.003659
Aquarius,INFJ,Extrovert,B,E,B,B,E,B,B,B,B,0.0017,0.978469,0.002355,0.000986,0.004429,0.003153,0.002789,0.002198,0.003921
Virgo,INTJ,Ambivert,D,D,D,G,D,E,D,D,D,0.002726,0.003983,0.003667,0.978999,0.001571,0.002454,0.00165,0.003683,0.001267
Sagittarius,INTJ,Extrovert,B,F,E,E,E,E,E,E,E,0.000897,0.002414,0.001416,0.001936,0.981134,0.002975,0.002961,0.003371,0.002896
Taurus,ENFJ,Ambivert,H,F,H,H,H,H,H,H,H,0.001361,0.000639,0.00277,0.00359,0.003961,0.002186,0.001432,0.983134,0.000927
Taurus,ISTP,Extrovert,A,D,D,F,D,D,D,D,C,0.005548,0.001928,0.004433,0.975765,0.001615,0.00536,0.002357,0.001576,0.001418
Pisces,ISFP,Ambivert,B,B,B,C,B,B,A,B,B,0.003398,0.980598,0.002675,0.003699,0.001452,0.000684,0.001557,0.002371,0.003566
Capricorn,ESTP,Introvert,D,D,D,B,D,G,D,A,D,0.004097,0.003331,0.001379,0.975202,0.002493,0.002929,0.005411,0.001847,0.003311
Scorpio,INTP,Ambivert,C,C,C,C,C,C,C,H,C,0.003456,0.001225,0.980393,0.001885,0.002372,0.001839,0.002699,0.002377,0.003754
Pisces,ENTJ,Introvert,B,B,B,B,H,B,B,B,B,0.003892,0.981604,0.002133,0.001074,0.001137,0.002605,0.003101,0.002799,0.001655
Leo,INTJ,Introvert,F,F,F,F,F,F,F,I,F,0.003641,0.001616,0.003456,0.002886,0.001219,0.97977,0.002948,0.001082,0.003382
Taurus,ENFP,Introvert,H,H,H,H,H,H,H,H,H,0.002311,0.002185,0.002459,0.002278,0.001615,0.00147,0.001931,0.984781,0.00097
Libra,ENFJ,Extrovert,C,E,C,E,E,E,E,E,G,0.002583,0.004147,0.007682,0.004306,0.970941,0.003168,0.003907,0.001796,0.00147
Aries,ENTJ,Ambivert,G,A,E,D,G,G,G,E,G,0.009931,0.004957,0.004691,0.009704,0.024206,0.00514,0.934998,0.002889,0.003484
Scorpio,ENTJ,Ambivert,I,I,E,G,I,I,I,F,G,0.003267,0.005371,0.005365,0.005828,0.008973,0.009852,0.026266,0.004875,0.930203
Aquarius,ENTP,Extrovert,C,D,D,D,D,G,D,D,D,0.003114,0.002219,0.001682,0.983023,0.001758,0.002712,0.001365,0.002547,0.00158
Gemini,ISFP,Introvert,A,B,A,B,C,B,B,B,B,0.010397,0.965497,0.004875,0.004103,0.001248,0.00301,0.003264,0.004278,0.003328
Libra,INTP,Ambivert,I,I,I,G,I,I,B,G,F,0.005069,0.011013,0.002736,0.004955,0.002649,0.00759,0.022179,0.002422,0.941387
Taurus,INFP,Introvert,B,B,I,B,B,G,B,B,B,0.000926,0.980051,0.00262,0.00266,0.003699,0.001519,0.001605,0.002768,0.004152
Taurus,ISTP,Introvert,H,B,A,E,B,B,E,B,B,0.00978,0.934249,0.004764,0.004934,0.027523,0.0024,0.004698,0.008398,0.003254
Cancer,ESTJ,Ambivert,G,I,I,I,E,I,I,I,H,0.003279,0.003007,0.00426,0.001702,0.003246,0.00443,0.002884,0.005324,0.971868
Pisces,ESTJ,Extrovert,B,B,I,B,B,B,B,B,B,0.001879,0.981731,0.001373,0.002379,0.00369,0.001575,0.001454,0.00194,0.003979
Aries,ISFP,Introvert,H,H,H,H,H,F,A,H,B,0.00461,0.004,0.002523,0.003348,0.004108,0.002109,0.003103,0.973623,0.002576
Sagittarius,ENTJ,Introvert,C,E,C,D,C,C,C,C,C,0.001427,0.001261,0.982478,0.002515,0.002331,0.001332,0.00373,0.002204,0.002722
Virgo,INTJ,Introvert,D,D,D,D,A,D,C,C,A,0.0285,0.005369,0.02421,0.919812,0.006051,0.003345,0.003215,0.006299,0.003199
Aries,INFP,Extrovert,E,E,E,E,H,E,H,E,A,0.005532,0.002743,0.003734,0.003533,0.96493,0.002589,0.002565,0.01115,0.003224
Leo,ISTJ,Ambivert,D,I,I,I,I,I,I,I,I,0.003113,0.003502,0.001726,0.00344,0.000989,0.001981,0.000884,0.000729,0.983636
Libra,ESFJ,Extrovert,C,C,C,C,C,F,F,C,C,0.00106,0.001425,0.981856,0.003534,0.003119,0.002283,0.001315,0.003319,0.002089
Taurus,INTJ,Ambivert,B,B,D,E,B,B,H,E,B,0.003194,0.936402,0.004009,0.007846,0.029904,0.003028,0.005186,0.007725,0.002706
Aries,ISTJ,Extrovert,H,G,G,D,D,G,E,D,B,0.011209,0.036092,0.010473,0.350229,0.030928,0.011221,0.491668,0.045152,0.013028
Taurus,ENFJ,Ambivert,A,A,A,D,A,G,A,A,A,0.980446,0.002195,0.002532,0.003136,0.002866,0.003222,0.001673,0.001007,0.002923
Cancer,INTJ,Introvert,I,C,C,F,H,C,F,C,D,0.010011,0.009336,0.782186,0.036037,0.00987,0.082931,0.011555,0.028991,0.029083
Gemini,ISTP,Extrovert,H,F,H,H,H,H,H,H,H,0.002798,0.001213,0.000582,0.001438,0.002044,0.00145,0.002313,0.985361,0.002801
Virgo,ESFP,Ambivert,C,G,C,C,C,C,C,A,C,0.004289,0.002903,0.980353,0.00375,0.0015,0.000866,0.002644,0.001519,0.002176
Aquarius,ENFP,Extrovert,B,B,F,B,A,B,B,B,B,0.003494,0.986315,0.002573,0.001374,0.000986,0.002318,0.00095,0.001217,0.000773
Aries,ESFP,Introvert,D,D,D,D,A,D,A,D,G,0.009259,0.002512,0.001886,0.966418,0.00291,0.004433,0.004818,0.004087,0.003677
Cancer,INTJ,Introvert,A,A,A,A,A,A,A,A,A,0.98043,0.001533,0.003527,0.001873,0.001344,0.002346,0.001831,0.003216,0.0039
Taurus,ENTP,Introvert,A,A,H,G,A,A,A,C,A,0.974543,0.001629,0.005946,0.001354,0.002561,0.003394,0.004083,0.004648,0.001842
Libra,INFP,Introvert,C,C,B,C,C,C,C,C,C,0.002098,0.002823,0.984117,0.003787,0.001736,0.001085,0.001432,0.001038,0.001884
Scorpio,ENTJ,Introvert,I,A,C,E,A,A,A,A,A,0.973465,0.001983,0.005038,0.002314,0.003517,0.003747,0.0028,0.00174,0.005396
Aquarius,ENTJ,Introvert,C,C,E,C,C,C,C,C,C,0.003626,0.001432,0.983321,0.000903,0.004003,0.001097,0.001454,0.000868,0.003296
Taurus,INTP,Introvert,C,F,A,I,H,C,F,I,F,0.040632,0.017197,0.138825,0.01443,0.017527,0.541961,0.018637,0.052895,0.157896
Pisces,Unknown,Ambivert,F,F,F,F,F,I,F,F,F,0.002656,0.000712,0.001984,0.001297,0.001233,0.985746,0.000568,0.003864,0.00194
Scorpio,ESFP,Extrovert,B,F,B,B,I,A,B,B,B,0.004539,0.979862,0.001179,0.003548,0.001617,0.00155,0.001745,0.003816,0.002144
Cancer,INTJ,Ambivert,C,F,F,F,F,B,F,F,F,0.002503,0.004091,0.002384,0.003296,0.001678,0.976499,0.003773,0.002742,0.003034
Libra,ESTP,Introvert,F,I,F,F,F,A,C,C,A,0.089414,0.006458,0.066149,0.006983,0.006254,0.785703,0.007179,0.005988,0.025872
Aquarius,ENFJ,Introvert,C,D,B,D,G,D,D,D,I,0.004731,0.010269,0.009717,0.948152,0.003983,0.004694,0.005336,0.005564,0.007554
Cancer,ENTP,Ambivert,F,F,F,H,F,F,F,F,F,0.000849,0.001517,0.003503,0.003764,0.001998,0.981885,0.001982,0.002186,0.002316
Virgo,INTP,Introvert,A,A,A,A,A,G,A,A,A,0.980425,0.003432,0.002947,0.002468,0.001345,0.001047,0.002797,0.002044,0.003495
Sagittarius,ENFP,Introvert,A,C,C,C,C,C,C,C,C,0.002391,0.003832,0.976524,0.00339,0.001434,0.003287,0.00393,0.003643,0.001569
Cancer,ISFP,Introvert,H,H,H,A,G,A,H,H,H,0.009098,0.003844,0.001941,0.004248,0.002068,0.002917,0.004912,0.968403,0.002569
Libra,ISFJ,Ambivert,B,F,B,E,B,B,B,B,B,0.00126,0.981936,0.003336,0.00176,0.003466,0.001717,0.002289,0.001863,0.002373
Gemini,INFJ,Ambivert,F,F,F,F,F,F,F,F,F,0.001921,0.002047,0.002069,0.001757,0.002819,0.981092,0.003502,0.000856,0.003937
Virgo,ENTJ,Extrovert,H,E,E,E,I,E,E,E,E,0.001782,0.003046,0.003693,0.003294,0.978821,0.003075,0.001342,0.001173,0.003774
Scorpio,ISFP,Introvert,H,H,H,H,H,H,H,H,H,0.002891,0.001279,0.003249,0.003317,0.001514,0.000583,0.00198,0.981876,0.003311
Taurus,ESTP,Ambivert,D,D,D,D,H,D,B,I,D,0.001796,0.003403,0.002924,0.975518,0.003412,0.001781,0.001154,0.005031,0.004981
Cancer,ESFP,Ambivert,F,A,C,G,C,A,A,A,A,0.940568,0.004418,0.020205,0.003688,0.00405,0.008212,0.010815,0.003097,0.004947
Leo,ISFJ,Ambivert,I,I,I,I,I,I,C,I,I,0.001235,0.003109,0.00195,0.002035,0.002578,0.003814,0.003118,0.002753,0.979408
Cancer,ISTJ,Ambivert,C,C,C,C,C,C,C,C,C,0.002756,0.000608,0.983851,0.003229,0.001397,0.003683,0.002322,0.000821,0.001333
Virgo,Unknown,Ambivert,F,E,F,F,I,F,F,E,F,0.003263,0.004477,0.002234,0.003072,0.010488,0.962873,0.004028,0.004343,0.005222
Aquarius,ISFJ,Ambivert,B,H,B,D,B,B,B,D,B,0.002333,0.966976,0.003491,0.008869,0.003518,0.004184,0.00274,0.004043,0.003846
Libra,ENTJ,Extrovert,E,E,E,E,E,E,E,E,E,0.00104,0.001626,0.002008,0.003035,0.981813,0.000707,0.00322,0.002977,0.003574
Sagittarius,ISFP,Ambivert,A,G,A,A,G,F,C,F,A,0.807869,0.008873,0.023991,0.008384,0.006148,0.063821,0.062855,0.008925,0.009134
Aries,ESFP,Introvert,H,H,H,E,H,E,D,H,H,0.002979,0.002383,0.000987,0.003521,0.009172,0.001885,0.003506,0.971474,0.004093
Virgo,ESTP,Introvert,E,E,E,E,E,B,E,E,E,0.002911,0.001256,0.002726,0.00201,0.98154,0.001157,0.003093,0.002937,0.00237
Pisces,ENFP,Introvert,A,F,A,A,F,A,F,A,A,0.965663,0.002364,0.002159,0.001044,0.001496,0.0194,0.002541,0.004161,0.001172
Taurus,ISFJ,Ambivert,H,H,H,H,H,H,H,H,E,0.003403,0.00172,0.002012,0.002627,0.001679,0.002029,0.00187,0.982782,0.001878
Scorpio,ISTP,Ambivert,A,F,F,C,G,F,E,I,D,0.048846,0.019368,0.056801,0.061988,0.062832,0.626874,0.049729,0.016945,0.056617
Aries,ESTJ,Ambivert,B,B,B,B,A,B,B,B,B,0.001342,0.980613,0.00097,0.001501,0.003614,0.003067,0.003721,0.003561,0.001611
Capricorn,ENTJ,Ambivert,A,C,D,B,C,F,C,C,C,0.009913,0.00906,0.949996,0.006462,0.005058,0.00588,0.0048,0.003999,0.004832
Scorpio,ENTP,Extrovert,C,D,D,D,D,D,D,D,G,0.002713,0.002869,0.001692,0.981664,0.002901,0.001063,0.001581,0.001678,0.003839
Gemini,INTJ,Introvert,F,F,F,F,A,F,F,F,F,0.003689,0.003588,0.00149,0.002736,0.003954,0.977839,0.002161,0.003653,0.00089
Cancer,ESTP,Extrovert,I,I,I,D,I,I,I,I,I,0.003285,0.003844,0.002699,0.003899,0.003579,0.001287,0.001079,0.001269,0.979059
Sagittarius,INTP,Ambivert,A,I,G,C,C,H,A,F,A,0.614072,0.015618,0.165084,0.017259,0.014665,0.040998,0.042335,0.046158,0.043811
Libra,ISFJ,Ambivert,F,C,F,I,I,F,F,F,F,0.00399,0.002098,0.005364,0.002126,0.00325,0.964927,0.004214,0.004473,0.009558
Gemini,ENTJ,Ambivert,E,E,E,E,F,E,G,G,F,0.002862,0.00353,0.005236,0.003692,0.921298,0.029204,0.023252,0.00574,0.005186
Aquarius,Unknown,Introvert,B,B,B,B,B,E,D,B,B,0.003861,0.976603,0.003509,0.004095,0.003293,0.002694,0.001031,0.002171,0.002743
Aquarius,INTP,Ambivert,H,F,H,H,H,H,A,H,A,0.009471,0.00342,0.00163,0.003133,0.003964,0.005052,0.004154,0.966805,0.002371
Aries,ESTP,Introvert,D,F,G,C,D,D,D,D,D,0.00224,0.002154,0.004073,0.975637,0.001587,0.004106,0.005299,0.001669,0.003235
Sagittarius,ENFJ,Ambivert,A,G,A,D,B,A,D,A,A,0.94443,0.005486,0.005642,0.017893,0.003877,0.004785,0.007525,0.005422,0.00494
Aries,ENTJ,Introvert,F,F,F,F,F,F,F,F,F,0.001601,0.001456,0.002936,0.002069,0.001535,0.985116,0.000798,0.003135,0.001354
Cancer,INTJ,Extrovert,F,F,C,F,F,F,F,F,F,0.002873,0.001527,0.000911,0.002632,0.003064,0.985316,0.000571,0.002529,0.000577
Pisces,ESTP,Introvert,A,E,I,I,I,I,I,C,I,0.004222,0.003996,0.003591,0.004083,0.004235,0.00308,0.002247,0.002809,0.971737
Leo,ENTP,Introvert,A,A,A,A,A,A,A,B,A,0.987724,0.001162,0.001065,0.001001,0.00206,0.000552,0.002416,0.001571,0.002449
Aries,ESTP,Ambivert,F,F,G,F,C,F,A,F,B,0.007093,0.008811,0.007659,0.005079,0.002358,0.952497,0.006802,0.004613,0.005088
Pisces,INTJ,Introvert,D,D,C,D,D,D,D,D,D,0.001369,0.000928,0.002992,0.984469,0.003333,0.002123,0.001975,0.001576,0.001235
Leo,ISTP,Introvert,A,A,A,A,A,A,F,A,A,0.984779,0.003042,0.00181,0.00114,0.001661,0.003701,0.001517,0.001349,0.001001
Aquarius,ESFP,Extrovert,C,A,C,G,A,A,A,E,A,0.946001,0.004926,0.019238,0.0036,0.008354,0.005094,0.006766,0.002622,0.003399
Aries,ISFP,Ambivert,B,B,E,B,B,B,D,B,B,0.00371,0.97573,0.003601,0.001224,0.002255,0.003583,0.003728,0.003233,0.002936
Aquarius,ISTP,Introvert,D,D,G,D,D,D,E,A,F,0.008602,0.003798,0.004849,0.940871,0.009659,0.012041,0.009891,0.004681,0.005608
Capricorn,ISTP,Ambivert,E,C,C,H,C,C,C,C,C,0.00284,0.000985,0.981308,0.002547,0.002245,0.003282,0.001762,0.003817,0.001214
Leo,INTP,Extrovert,I,F,I,I,I,I,I,I,F,0.003543,0.00134,0.00189,0.004032,0.003759,0.00245,0.002449,0.0009,0.979637
Capricorn,ENTP,Introvert,A,A,E,A,A,F,A,A,A,0.979807,0.000815,0.002209,0.001894,0.001394,0.004282,0.003948,0.001723,0.003928
Libra,Unknown,Ambivert,G,G,G,G,G,D,C,E,G,0.002282,0.003885,0.002183,0.004984,0.003193,0.001116,0.978031,0.001777,0.002549
Aries,ISTP,Ambivert,H,A,A,D,A,A,A,A,A,0.976898,0.003325,0.001401,0.003259,0.002895,0.003595,0.001806,0.003547,0.003274
Gemini,ESTJ,Ambivert,E,E,E,A,E,D,E,E,E,0.001196,0.003776,0.002989,0.003205,0.980142,0.001623,0.002718,0.003394,0.000957
Gemini,ESFP,Ambivert,C,C,C,C,C,C,D,C,C,0.001128,0.000598,0.990207,0.000998,0.000628,0.000889,0.001637,0.003149,0.000766
Gemini,INFJ,Ambivert,F,F,I,F,C,I,F,D,C,0.005975,0.005468,0.053461,0.017512,0.008471,0.833681,0.007119,0.007883,0.06043
Sagittarius,INTP,Ambivert,F,F,F,F,F,F,F,F,F,0.001454,0.000853,0.002493,0.00142,0.003407,0.986097,0.000519,0.002454,0.001303
Pisces,ENFP,Introvert,C,C,H,C,C,C,G,C,C,0.001688,0.002923,0.975522,0.003507,0.002274,0.002922,0.004097,0.003365,0.003702
Aries,ESFJ,Extrovert,E,F,B,G,E,E,E,H,B,0.007979,0.086434,0.008427,0.010551,0.800679,0.021814,0.02353,0.030676,0.00991
Capricorn,ENTP,Introvert,C,H,H,H,F,D,H,C,H,0.004985,0.003652,0.043924,0.010202,0.00451,0.010679,0.005742,0.913455,0.002851
Pisces,ISTP,Ambivert,H,H,F,H,H,H,H,H,H,0.001678,0.002798,0.003568,0.000922,0.001259,0.003871,0.003193,0.980955,0.001756
Aquarius,ISTP,Extrovert,C,I,D,I,C,F,G,G,I,0.011753,0.013033,0.124635,0.035204,0.01433,0.04082,0.174764,0.013494,0.571967
Virgo,ISFJ,Introvert,A,A,A,A,A,A,A,A,G,0.982054,0.003963,0.001825,0.001101,0.001461,0.002502,0.002643,0.001336,0.003115
Scorpio,ENFP,Introvert,C,C,C,E,C,C,H,H,B,0.003453,0.009266,0.929699,0.003204,0.009402,0.00395,0.004961,0.031264,0.004801
Taurus,ISTJ,Extrovert,D,D,E,D,A,H,B,G,D,0.016757,0.023628,0.008397,0.880516,0.02016,0.00548,0.019239,0.018964,0.006859
Gemini,ISTJ,Introvert,A,A,A,A,C,A,A,A,A,0.984966,0.002458,0.002103,0.001377,0.002332,0.00129,0.002484,0.001052,0.001938
Gemini,ENFP,Introvert,B,H,B,B,B,F,B,B,B,0.003812,0.984653,0.001503,0.00211,0.001964,0.001108,0.002043,0.002165,0.000642
Virgo,INTP,Extrovert,I,G,I,I,I,I,B,I,H,0.003472,0.006007,0.001891,0.002199,0.003874,0.001272,0.00455,0.004162,0.972573
Aquarius,INTP,Ambivert,I,I,I,I,A,I,D,G,I,0.005413,0.001088,0.003149,0.003227,0.004175,0.004229,0.003339,0.003872,0.971508
Pisces,ENFJ,Ambivert,A,I,C,C,C,C,C,C,E,0.003629,0.004012,0.973978,0.002275,0.003358,0.001436,0.003221,0.003761,0.00433
